{
  "best_method": "ensemble",
  "best_score": 92.97394549992923,
  "comparison": [
    {
      "Method": "ensemble",
      "Overall Score": 92.97394549992923,
      "KS Score": 93.73711120094393,
      "Effect Score": 96.91726449268165,
      "Correlation": 89.04244950315478,
      "Wasserstein": 92.19895680293656,
      "Mean KS": 0.03131444399528031,
      "Corr Similarity": 0.8904244950315479
    },
    {
      "Method": "hybrid_smote",
      "Overall Score": 85.248242616565,
      "KS Score": 78.19818862474584,
      "Effect Score": 97.7588722331028,
      "Correlation": 77.22334335285522,
      "Wasserstein": 87.81256625555609,
      "Mean KS": 0.10900905687627083,
      "Corr Similarity": 0.7722334335285522
    },
    {
      "Method": "copula",
      "Overall Score": 56.18868020384155,
      "KS Score": 0.0,
      "Effect Score": 65.85020951883273,
      "Correlation": 69.8851088078979,
      "Wasserstein": 89.01940248863556,
      "Mean KS": 0.5018667720474802,
      "Corr Similarity": 0.698851088078979
    },
    {
      "Method": "copula_rejection",
      "Overall Score": 56.13642473509648,
      "KS Score": 0.0,
      "Effect Score": 65.85567836284186,
      "Correlation": 70.31638181751825,
      "Wasserstein": 88.3736387600258,
      "Mean KS": 0.502260506639855,
      "Corr Similarity": 0.7031638181751825
    }
  ],
  "improvement_over_doppelganger": 58.07394549992923,
  "configuration": {
    "n_samples": 20000,
    "n_clusters": 15,
    "random_state": 42
  }
}