Method,Overall Score,KS Score,Effect Score,Correlation,Wasserstein,Mean KS,Corr Similarity
ensemble,92.97394549992923,93.73711120094393,96.91726449268165,89.04244950315478,92.19895680293656,0.03131444399528031,0.8904244950315479
hybrid_smote,85.248242616565,78.19818862474584,97.7588722331028,77.22334335285522,87.81256625555609,0.10900905687627083,0.7722334335285522
copula,56.18868020384155,0.0,65.85020951883273,69.8851088078979,89.01940248863556,0.5018667720474802,0.698851088078979
copula_rejection,56.13642473509648,0.0,65.85567836284186,70.31638181751825,88.3736387600258,0.502260506639855,0.7031638181751825
