{
  "TRTR": {
    "RandomForest": {
      "f1_score": 0.9959136018680677,
      "f1_macro": 0.9959188365692964,
      "auroc": 0.999924430073861,
      "auprc": 0.9999247088950807,
      "accuracy": 0.995918843283582,
      "precision": 0.9971942950666355,
      "recall": 0.9946361940298507,
      "brier_score": 0.0030796647285583623,
      "ece": 0.0011702954355107627,
      "confusion_matrix": [
        [
          4276,
          12
        ],
        [
          23,
          4265
        ]
      ]
    },
    "LightGBM": {
      "f1_score": 0.9980165674950414,
      "f1_macro": 0.9980177232067913,
      "auroc": 0.9999756892716919,
      "auprc": 0.9999752653940561,
      "accuracy": 0.9980177238805971,
      "precision": 0.9985991127714219,
      "recall": 0.9974347014925373,
      "brier_score": 0.0016346829285664626,
      "ece": 0.0010093677548158326,
      "confusion_matrix": [
        [
          4282,
          6
        ],
        [
          11,
          4277
        ]
      ]
    },
    "XGBoost": {
      "f1_score": 0.997083187492708,
      "f1_macro": 0.9970848870688105,
      "auroc": 0.9999710936194727,
      "auprc": 0.999971274900108,
      "accuracy": 0.9970848880597015,
      "precision": 0.9976651879523698,
      "recall": 0.9965018656716418,
      "brier_score": 0.0019989233109410074,
      "ece": 0.0009094084225770484,
      "confusion_matrix": [
        [
          4278,
          10
        ],
        [
          15,
          4273
        ]
      ]
    }
  },
  "TSTR": {
    "RandomForest": {
      "f1_score": 0.9949830824874578,
      "f1_macro": 0.9949860057583542,
      "auroc": 0.9991991872058783,
      "auprc": 0.9992217418104065,
      "accuracy": 0.9949860074626866,
      "precision": 0.9955638571095027,
      "recall": 0.9944029850746269,
      "brier_score": 0.004071317983806747,
      "ece": 0.0027351776318582993,
      "confusion_matrix": [
        [
          4269,
          19
        ],
        [
          24,
          4264
        ]
      ]
    },
    "LightGBM": {
      "f1_score": 0.9957943925233645,
      "f1_macro": 0.9958022241946431,
      "auroc": 0.9985593310122661,
      "auprc": 0.998455545916927,
      "accuracy": 0.9958022388059702,
      "precision": 0.9976591760299626,
      "recall": 0.9939365671641791,
      "brier_score": 0.003428292514029505,
      "ece": 0.0024092416380116027,
      "confusion_matrix": [
        [
          4278,
          10
        ],
        [
          26,
          4262
        ]
      ]
    },
    "XGBoost": {
      "f1_score": 0.9954433929197336,
      "f1_macro": 0.9954524075037398,
      "auroc": 0.9989887117728754,
      "auprc": 0.9988865951621881,
      "accuracy": 0.9954524253731343,
      "precision": 0.9974244907515805,
      "recall": 0.9934701492537313,
      "brier_score": 0.0037354112919915938,
      "ece": 0.0030232921153556295,
      "confusion_matrix": [
        [
          4277,
          11
        ],
        [
          28,
          4260
        ]
      ]
    }
  },
  "TRTS": {
    "RandomForest": {
      "f1_score": 0.9973700688791484,
      "f1_macro": 0.9973743366490362,
      "auroc": 0.9999812093558523,
      "auprc": 0.9999808527526572,
      "accuracy": 0.9973743435858965,
      "precision": 0.9989964877069744,
      "recall": 0.9957489372343086,
      "brier_score": 0.0019237583789506638,
      "ece": 0.0014836536906365828,
      "confusion_matrix": [
        [
          3995,
          4
        ],
        [
          17,
          3982
        ]
      ]
    },
    "LightGBM": {
      "f1_score": 0.9982478097622027,
      "f1_macro": 0.9982495606392827,
      "auroc": 0.9999940282645056,
      "auprc": 0.999994007918428,
      "accuracy": 0.9982495623905977,
      "precision": 0.9992483086945627,
      "recall": 0.997249312328082,
      "brier_score": 0.0010765674468037711,
      "ece": 0.0010459768533481939,
      "confusion_matrix": [
        [
          3996,
          3
        ],
        [
          11,
          3988
        ]
      ]
    },
    "XGBoost": {
      "f1_score": 0.9982478097622027,
      "f1_macro": 0.9982495606392827,
      "auroc": 0.9999904952482181,
      "auprc": 0.9999904792250736,
      "accuracy": 0.9982495623905977,
      "precision": 0.9992483086945627,
      "recall": 0.997249312328082,
      "brier_score": 0.001242979694995744,
      "ece": 0.0009408951866210848,
      "confusion_matrix": [
        [
          3996,
          3
        ],
        [
          11,
          3988
        ]
      ]
    }
  },
  "config": {
    "random_state": 42,
    "test_size": 0.2,
    "n_trials": 30,
    "balanced": true,
    "n_real": 42878,
    "n_synthetic": 39987,
    "n_features": 27
  }
}