Regime,Model,F1,AUROC,AUPRC,Accuracy,Precision,Recall,Brier,ECE
TRTR,RandomForest,0.9959136018680677,0.999924430073861,0.9999247088950807,0.995918843283582,0.9971942950666355,0.9946361940298507,0.0030796647285583623,0.0011702954355107627
TRTR,LightGBM,0.9980165674950414,0.9999756892716919,0.9999752653940561,0.9980177238805971,0.9985991127714219,0.9974347014925373,0.0016346829285664626,0.0010093677548158326
TRTR,XGBoost,0.997083187492708,0.9999710936194727,0.999971274900108,0.9970848880597015,0.9976651879523698,0.9965018656716418,0.0019989233109410074,0.0009094084225770484
TSTR,RandomForest,0.9949830824874578,0.9991991872058783,0.9992217418104065,0.9949860074626866,0.9955638571095027,0.9944029850746269,0.004071317983806747,0.0027351776318582993
TSTR,LightGBM,0.9957943925233645,0.9985593310122661,0.998455545916927,0.9958022388059702,0.9976591760299626,0.9939365671641791,0.003428292514029505,0.0024092416380116027
TSTR,XGBoost,0.9954433929197336,0.9989887117728754,0.9988865951621881,0.9954524253731343,0.9974244907515805,0.9934701492537313,0.0037354112919915938,0.0030232921153556295
TRTS,RandomForest,0.9973700688791484,0.9999812093558523,0.9999808527526572,0.9973743435858965,0.9989964877069744,0.9957489372343086,0.0019237583789506638,0.0014836536906365828
TRTS,LightGBM,0.9982478097622027,0.9999940282645056,0.999994007918428,0.9982495623905977,0.9992483086945627,0.997249312328082,0.0010765674468037711,0.0010459768533481939
TRTS,XGBoost,0.9982478097622027,0.9999904952482181,0.9999904792250736,0.9982495623905977,0.9992483086945627,0.997249312328082,0.001242979694995744,0.0009408951866210848
