{
  "data_type": "anomaly",
  "high_confidence_labels": [
    "medium_confidence",
    "high_confidence",
    "very_high_confidence"
  ],
  "seq_len": 30,
  "batch_size": 64,
  "epochs": 150,
  "lr_g": 0.0002,
  "lr_d": 0.0001,
  "label_smoothing": 0.1,
  "hidden_dim": 128,
  "latent_dim": 32,
  "features": [
    "announcements",
    "withdrawals",
    "nlri_ann",
    "dups",
    "origin_0",
    "origin_2",
    "origin_changes",
    "imp_wd",
    "imp_wd_spath",
    "imp_wd_dpath",
    "as_path_max",
    "unique_as_path_max",
    "edit_distance_avg",
    "edit_distance_max",
    "edit_distance_dict_0",
    "edit_distance_dict_1",
    "edit_distance_dict_2",
    "edit_distance_dict_3",
    "edit_distance_dict_4",
    "edit_distance_dict_5",
    "edit_distance_dict_6",
    "edit_distance_unique_dict_0",
    "edit_distance_unique_dict_1",
    "number_rare_ases",
    "rare_ases_avg",
    "nadas",
    "flaps"
  ],
  "integer_features": [
    "announcements",
    "withdrawals",
    "nlri_ann",
    "dups",
    "origin_0",
    "origin_2",
    "origin_changes",
    "imp_wd",
    "imp_wd_spath",
    "imp_wd_dpath",
    "as_path_max",
    "unique_as_path_max",
    "edit_distance_max",
    "edit_distance_dict_0",
    "edit_distance_dict_1",
    "edit_distance_dict_2",
    "edit_distance_dict_3",
    "edit_distance_dict_4",
    "edit_distance_dict_5",
    "edit_distance_dict_6",
    "edit_distance_unique_dict_0",
    "edit_distance_unique_dict_1",
    "number_rare_ases",
    "nadas",
    "flaps"
  ],
  "continuous_features": [
    "edit_distance_avg",
    "rare_ases_avg"
  ],
  "best_model": "DoppelGANger",
  "metrics": {
    "LSTM-GAN": {
      "ks_stats": [
        0.2964493227463802,
        0.38204275260781567,
        0.41762290985520784,
        0.09526465825938035,
        0.865258391717266,
        0.4359703487466915,
        0.16653269500233536,
        0.30483121594270585,
        0.30277791530437487,
        0.35912123618246916,
        0.1323367663085786,
        0.6706071384088432,
        0.22478050755098866,
        0.42879128133271055,
        0.2898683325548809,
        0.46197456795889774,
        0.25712179666822366,
        0.10791356842596922,
        0.06108617468472677,
        0.24755874980538684,
        0.3388766308578546,
        0.2890570605635996,
        0.45737443562198354
      ],
      "mae_values": [
        274.60504409716395,
        21.68690581977247,
        65.48897194123685,
        0.27255253449242456,
        14.658624152596747,
        0.9326424396494626,
        7.991812095452037,
        0.31717194438852925,
        0.5967323793794037,
        2.795519351974077,
        0.17030911579247876,
        1.024489318982964,
        0.7339689204352453,
        7.712180808454255,
        2.023073019952431,
        0.6567333554026309,
        0.5151341652640037,
        0.44431400436059676,
        0.26878397165663237,
        3.606892703408377,
        44.11043562926962,
        0.013166857152465947,
        1.5912146708758548
      ],
      "wasserstein": [
        387.26464604546186,
        37.407404982095635,
        419.39520886657357,
        0.36027202241943124,
        67.03708152732376,
        1.804583146504775,
        8.100414261248659,
        3.815914627121286,
        12.545921360734873,
        2.9300556515646896,
        0.47446034563288186,
        1.1218920149025553,
        1.7710542269967307,
        7.880955791686141,
        4.052966744511911,
        2.808327541647211,
        1.0293777518293656,
        0.44431400435933466,
        0.26878397166433254,
        6.001111575587743,
        44.11043534952519,
        0.017288930720300338,
        3.1245739685505303
      ],
      "ks_mean": 0.33013993291770743,
      "mae_mean": 19.66159449117885,
      "wasserstein_mean": 44.07682803081143,
      "corr_error": 0.3355045820033836,
      "overall_score": 1.1066642403657543
    },
    "TimeGAN": {
      "ks_stats": [
        0.25750122995484975,
        0.7079834423166744,
        0.32413415849291605,
        0.20790974622450564,
        0.9558072551767087,
        0.9657870154133582,
        0.38263316985832163,
        0.5670478826093726,
        0.48691691577144636,
        0.04496430017125952,
        0.0855365249883232,
        0.13108360579168613,
        0.09690923244589755,
        0.6749053946753852,
        0.5282516658882143,
        0.7050257200685038,
        0.7613217966682236,
        0.2730364315740308,
        0.04624715864860662,
        0.7207341740619648,
        0.1731669546940682,
        0.2996968472676319,
        0.8185385489646583,
        0.056477245835279466
      ],
      "mae_values": [
        7.85916397021083,
        6.717707592843759,
        4.61485695100248,
        0.12548586681645257,
        1.5314078134854192,
        0.5570742392083408,
        0.5363050844185686,
        0.08867798923573833,
        0.9134323610688568,
        0.2799639701694776,
        0.20310907497521802,
        0.012577926771049963,
        0.2998523184912756,
        0.6335144790704046,
        0.9936770773223493,
        0.09696666252644626,
        0.04358248951352317,
        0.05936401389607682,
        0.16048397355578536,
        0.4228571668919159,
        3.3003369811983276,
        0.0015582714371720624,
        0.07459808800537138,
        0.09505734860826161
      ],
      "wasserstein": [
        164.248291133427,
        47.596399112564264,
        145.1819395765222,
        0.5413053557527644,
        58.93280527790758,
        3.0451609216877116,
        15.325869523587125,
        4.744326000311385,
        15.121813529503362,
        0.6538114432508171,
        0.310399252685661,
        0.18027021060008644,
        0.5230624241008878,
        9.44297052000624,
        5.0495992604701865,
        3.514760874980544,
        1.4790610851626989,
        0.6054368675073962,
        0.2529782889615457,
        9.25165080180602,
        16.033118005604898,
        0.01801514631311015,
        4.226831784212992,
        0.09505734859100157
      ],
      "ks_mean": 0.42798401739841196,
      "mae_mean": 1.2342338212801292,
      "wasserstein_mean": 21.098955572729896,
      "corr_error": 0.23347734254757058,
      "overall_score": 0.6007724866474761
    },
    "DoppelGANger": {
      "ks_stats": [
        0.48250261560018687,
        0.1899014634905807,
        0.5747975167367274,
        0.24034307955783907,
        0.47605839171726605,
        0.12873701541335825,
        0.0052335435154912124,
        0.1532355752763506,
        0.26895724739218435,
        0.23205006227619493,
        0.27865625097306557,
        0.04937755721625409,
        0.13108360579168613,
        0.07865923244589756,
        0.3027041335824381,
        0.10157865483418965,
        0.2684912346255644,
        0.15978846333489027,
        0.14991976490736414,
        0.1684471586486066,
        0.1763314650474856,
        0.24300319943951423,
        0.1545273081114744,
        0.28307443562198353,
        0.04015608749805388
      ],
      "mae_values": [
        144.5372340385702,
        12.774672467111337,
        220.20462440705717,
        0.0974308256788935,
        3.0680737691561824,
        0.5572924709776639,
        0.027574179001893746,
        6.115361556816783,
        0.391171826132914,
        4.524651287612784,
        0.3153862953334521,
        0.13355903759118481,
        0.0575360413950734,
        0.19960207435065058,
        2.19373090591977,
        2.221306385965004,
        0.8048333739039126,
        0.10276747701250832,
        0.07801400922307267,
        0.0405160314510048,
        3.2595263704005646,
        15.713503027340906,
        0.0027451578385790515,
        0.051097883919067666,
        0.028125985870846845
      ],