Method,Overall Score
SMOTE_kmeans,86.72355263157894
SMOTE_adasyn,83.6228947368421
SMOTE_normal,83.6057894736842
GAN_DoppelGanger_enhanced,79.1025
GAN_LSTM_enhanced,73.40131578947368
SMOTE_borderline,72.46355263157895
GAN_TimeGAN_default,70.76802631578946
Copula,68.64368421052632
GAN_DoppelGanger_default,67.17881578947369
Hybrid_SMOTE_GAN,46.46065789473684
GAN_TimeGAN_enhanced,45.108947368421056
SCAPY,32.02526315789473
GAN_LSTM_default,26.92815789473684
