Method,Overall Score
Copula,49.43565789473684
SMOTE_kmeans,45.54618421052631
SMOTE_normal,45.07460526315789
GAN_DoppelGanger_enhanced,44.78381578947368
SMOTE_adasyn,44.62276315789474
GAN_LSTM_enhanced,44.43697368421053
SMOTE_borderline,42.42868421052632
GAN_DoppelGanger_default,42.348026315789475
GAN_TimeGAN_default,42.0103947368421
Hybrid_SMOTE_GAN,38.51842105263158
SCAPY,32.02526315789473
GAN_TimeGAN_enhanced,31.43013157894736
GAN_LSTM_default,28.790789473684207
