{
  "TRTR": {
    "RandomForest": {
      "f1_score": 0.9864157849048636,
      "f1_macro": 0.9864960940614087,
      "auroc": 0.9981289305507497,
      "auprc": 0.9963628686845962,
      "accuracy": 0.9864965716684547,
      "precision": 0.9923527190332326,
      "recall": 0.9805494659265824,
      "brier_score": 0.013643119643974091,
      "ece": 0.03597579519462789,
      "confusion_matrix": [
        [
          21277,
          162
        ],
        [
          417,
          21022
        ]
      ]
    },
    "LightGBM": {
      "f1_score": 0.9903181839545049,
      "f1_macro": 0.99039079421326,
      "auroc": 0.9984605946302705,
      "auprc": 0.9984386465257015,
      "accuracy": 0.9903913428797985,
      "precision": 0.9979161733364906,
      "recall": 0.9828350202901255,
      "brier_score": 0.008038178641916215,
      "ece": 0.012896953130354107,
      "confusion_matrix": [
        [
          21395,
          44
        ],
        [
          368,
          21071
        ]
      ]
    },
    "XGBoost": {
      "f1_score": 0.9893679442345154,
      "f1_macro": 0.9894347195273947,
      "auroc": 0.9984812362009197,
      "auprc": 0.9984758480955287,
      "accuracy": 0.9894351415644387,
      "precision": 0.9957010582010583,
      "recall": 0.983114884089743,
      "brier_score": 0.008484748464753143,
      "ece": 0.01189268592757545,
      "confusion_matrix": [
        [
          21348,
          91
        ],
        [
          362,
          21077
        ]
      ]
    }
  },
  "TSTR": {
    "RandomForest": {
      "f1_score": 0.7885970531710442,
      "f1_macro": 0.8192644201735166,
      "auroc": 0.9086469414893619,
      "auprc": 0.9108870998290624,
      "accuracy": 0.824468085106383,
      "precision": 0.9911433172302737,
      "recall": 0.6547872340425532,
      "brier_score": 0.15682226237473276,
      "ece": 0.1767480153062316,
      "confusion_matrix": [
        [
          3738,
          22
        ],
        [
          1298,
          2462
        ]
      ]
    },
    "LightGBM": {
      "f1_score": 0.738941018766756,
      "f1_macro": 0.783601902681438,
      "auroc": 0.9021165898030784,
      "auprc": 0.9028684725277679,
      "accuracy": 0.7928191489361702,
      "precision": 0.998641304347826,
      "recall": 0.586436170212766,
      "brier_score": 0.18100886226116145,
      "ece": 0.2020620258236604,
      "confusion_matrix": [
        [
          3757,
          3
        ],
        [
          1555,
          2205
        ]
      ]
    },
    "XGBoost": {
      "f1_score": 0.7764438676184295,
      "f1_macro": 0.8105968774775338,
      "auroc": 0.8974556148143956,
      "auprc": 0.8987420024172186,
      "accuracy": 0.8167553191489362,
      "precision": 0.9954242928452579,
      "recall": 0.636436170212766,
      "brier_score": 0.16377888632656254,
      "ece": 0.18417408441441402,
      "confusion_matrix": [
        [
          3749,
          11
        ],
        [
          1367,
          2393
        ]
      ]
    }
  },
  "TRTS": {
    "RandomForest": {
      "f1_score": 0.9203666571183043,
      "f1_macro": 0.9256834526594252,
      "auroc": 0.997987494341331,
      "auprc": 0.9971790113488734,
      "accuracy": 0.926063829787234,
      "precision": 0.9972067039106145,
      "recall": 0.8545212765957447,
      "brier_score": 0.04549339371856806,
      "ece": 0.08185256108044535,
      "confusion_matrix": [
        [
          3751,
          9
        ],
        [
          547,
          3213
        ]
      ]
    },
    "LightGBM": {
      "f1_score": 0.9634935941589751,
      "f1_macro": 0.9647181375241605,
      "auroc": 0.9974217688999547,
      "auprc": 0.9974449395762267,
      "accuracy": 0.9647606382978723,
      "precision": 0.9994284081166047,
      "recall": 0.9300531914893617,
      "brier_score": 0.024569510258230436,
      "ece": 0.0417400462446805,
      "confusion_matrix": [
        [
          3758,
          2
        ],
        [
          263,
          3497
        ]
      ]
    },
    "XGBoost": {
      "f1_score": 0.9458362491252624,
      "f1_macro": 0.9484089415353987,
      "auroc": 0.9939246053078316,
      "auprc": 0.9939840800486255,
      "accuracy": 0.9485372340425532,
      "precision": 0.9982274741506647,
      "recall": 0.8986702127659575,
      "brier_score": 0.03924115166569216,
      "ece": 0.053707660858258066,
      "confusion_matrix": [
        [
          3754,
          6
        ],
        [
          381,
          3379
        ]
      ]
    }
  },
  "config": {
    "random_state": 42,
    "test_size": 0.2,
    "n_trials": 30,
    "balanced": true,
    "n_real": 37596,
    "n_synthetic": 37596,
    "n_features": 27
  }
}