Regime,Model,F1,AUROC,AUPRC,Accuracy,Precision,Recall,Brier,ECE
TRTR,RandomForest,0.9864157849048636,0.9981289305507497,0.9963628686845962,0.9864965716684547,0.9923527190332326,0.9805494659265824,0.013643119643974091,0.03597579519462789
TRTR,LightGBM,0.9903181839545049,0.9984605946302705,0.9984386465257015,0.9903913428797985,0.9979161733364906,0.9828350202901255,0.008038178641916215,0.012896953130354107
TRTR,XGBoost,0.9893679442345154,0.9984812362009197,0.9984758480955287,0.9894351415644387,0.9957010582010583,0.983114884089743,0.008484748464753143,0.01189268592757545
TSTR,RandomForest,0.7885970531710442,0.9086469414893619,0.9108870998290624,0.824468085106383,0.9911433172302737,0.6547872340425532,0.15682226237473276,0.1767480153062316
TSTR,LightGBM,0.738941018766756,0.9021165898030784,0.9028684725277679,0.7928191489361702,0.998641304347826,0.586436170212766,0.18100886226116145,0.2020620258236604
TSTR,XGBoost,0.7764438676184295,0.8974556148143956,0.8987420024172186,0.8167553191489362,0.9954242928452579,0.636436170212766,0.16377888632656254,0.18417408441441402
TRTS,RandomForest,0.9203666571183043,0.997987494341331,0.9971790113488734,0.926063829787234,0.9972067039106145,0.8545212765957447,0.04549339371856806,0.08185256108044535
TRTS,LightGBM,0.9634935941589751,0.9974217688999547,0.9974449395762267,0.9647606382978723,0.9994284081166047,0.9300531914893617,0.024569510258230436,0.0417400462446805
TRTS,XGBoost,0.9458362491252624,0.9939246053078316,0.9939840800486255,0.9485372340425532,0.9982274741506647,0.8986702127659575,0.03924115166569216,0.053707660858258066
