data_type,JSD_mean,JSD_median,JSD_std,JSD_min,JSD_max,KLD_SR_mean,KLD_RS_mean,n_features
normal,0.34178115543938464,0.3485497801077575,0.1580187274725162,0.05510289787203483,0.7120572519140608,1.4738732498054532,1.493130185612779,27
anomaly,0.04598493904036266,0.025912358804612116,0.05498284314090073,0.0,0.24037656847975625,0.13226542090010607,0.35154867233324766,27
combined,0.17395601247759654,0.160224846100576,0.11049582072653506,0.014237491299825747,0.45693901633333334,0.5045120244897415,0.7181884933392233,27
