{
  "best_method": "copula",
  "best_score": 92.28645232198704,
  "comparison": [
    {
      "Method": "copula",
      "Overall Score": 92.28645232198704,
      "KS Score": 94.86466517381515,
      "Effect Score": 98.59909574703542,
      "Correlation": 89.11654973499094,
      "Wasserstein": 86.56549863210664,
      "Mean KS": 0.0256766741309242,
      "Corr Similarity": 0.8911654973499095
    },
    {
      "Method": "copula_rejection",
      "Overall Score": 89.25309283765472,
      "KS Score": 90.08776278923999,
      "Effect Score": 93.24868854735097,
      "Correlation": 84.76249087684818,
      "Wasserstein": 88.91342913717969,
      "Mean KS": 0.049561186053800076,
      "Corr Similarity": 0.8476249087684817
    },
    {
      "Method": "ensemble",
      "Overall Score": 85.05298831329343,
      "KS Score": 63.00114399929002,
      "Effect Score": 97.33638826102508,
      "Correlation": 95.80422788952038,
      "Wasserstein": 84.07019310333823,
      "Mean KS": 0.1849942800035499,
      "Corr Similarity": 0.9580422788952038
    },
    {
      "Method": "hybrid_smote",
      "Overall Score": 76.53286760998564,
      "KS Score": 69.07354096917018,
      "Effect Score": 97.71698541454333,
      "Correlation": 58.971235235211275,
      "Wasserstein": 80.36970882101777,
      "Mean KS": 0.15463229515414914,
      "Corr Similarity": 0.5897123523521127
    }
  ],
  "improvement_over_doppelganger": 57.38645232198704,
  "configuration": {
    "n_samples": 20000,
    "n_clusters": 15,
    "random_state": 42
  }
}