{
  "overall_score": 76.53286760998564,
  "component_scores": {
    "distribution_ks": 69.07354096917018,
    "effect_size": 97.71698541454333,
    "correlation": 58.971235235211275,
    "wasserstein": 80.36970882101777
  },
  "mean_ks": 0.15463229515414914,
  "mean_cohens_d": 0.04566029170913323,
  "correlation_similarity": 0.5897123523521127,
  "per_feature_ks": {
    "announcements": 0.18339875791496407,
    "withdrawals": 0.028503502841862816,
    "nlri_ann": 0.18339875791496407,
    "dups": 0.006002337736001895,
    "origin_0": 0.25383671385740914,
    "origin_2": 0.16593614953638858,
    "origin_changes": 0.006628352066861853,
    "imp_wd": 0.206821118339565,
    "imp_wd_spath": 0.1829542697396599,
    "imp_wd_dpath": 0.4319363451676757,
    "as_path_max": 0.152547869471101,
    "unique_as_path_max": 0.003111284105247303,
    "edit_distance_avg": 0.049489379188998345,
    "edit_distance_max": 0.11137821431465382,
    "edit_distance_dict_0": 0.37993014458193947,
    "edit_distance_dict_1": 0.20886208110016546,
    "edit_distance_dict_2": 0.2555464057091924,
    "edit_distance_dict_3": 0.21811942364013104,
    "edit_distance_dict_4": 0.17973604072372007,
    "edit_distance_dict_5": 0.07752165372104591,
    "edit_distance_dict_6": 0.04767667241598861,
    "edit_distance_unique_dict_0": 0.3650259448759652,
    "edit_distance_unique_dict_1": 0.2797079560582032,
    "number_rare_ases": 0.0221340936715015,
    "rare_ases_avg": 0.009934611689258799,
    "nadas": 0.07913106080776039,
    "flaps": 0.08580282797180128
  },
  "generation_config": {
    "n_samples": 20000,
    "n_clusters": 15,
    "feature_assignment": {
      "smote_kmeans": [
        "announcements",
        "withdrawals",
        "nlri_ann",
        "dups",
        "origin_0",
        "origin_2",
        "origin_changes",
        "as_path_max",
        "imp_wd_spath",
        "imp_wd_dpath"
      ],
      "empirical_kde": [
        "unique_as_path_max",
        "edit_distance_max",
        "edit_distance_avg",
        "rare_ases_avg"
      ],
      "conditional": [
        "edit_distance_dict_0",
        "edit_distance_dict_1",
        "edit_distance_dict_2",
        "edit_distance_dict_3",
        "edit_distance_dict_4",
        "edit_distance_dict_5",
        "edit_distance_dict_6",
        "edit_distance_unique_dict_0",
        "edit_distance_unique_dict_1"
      ],
      "mixture_model": [
        "flaps",
        "nadas",
        "imp_wd",
        "number_rare_ases"
      ]
    }
  }
}