Method,Overall Score,KS Score,Effect Score,Correlation,Wasserstein,Mean KS,Corr Similarity
copula,92.28645232198704,94.86466517381515,98.59909574703542,89.11654973499094,86.56549863210664,0.0256766741309242,0.8911654973499095
copula_rejection,89.25309283765472,90.08776278923999,93.24868854735097,84.76249087684818,88.91342913717969,0.049561186053800076,0.8476249087684817
ensemble,85.05298831329343,63.00114399929002,97.33638826102508,95.80422788952038,84.07019310333823,0.1849942800035499,0.9580422788952038
hybrid_smote,76.53286760998564,69.07354096917018,97.71698541454333,58.971235235211275,80.36970882101777,0.15463229515414914,0.5897123523521127
