{
  "TRTR": {
    "RandomForest": {
      "f1_score": 0.9989364530709919,
      "f1_macro": 0.9989361701375178,
      "auroc": 0.9998577905726573,
      "auprc": 0.99972020234759,
      "accuracy": 0.9989361702127659,
      "precision": 0.9986709197235513,
      "recall": 0.9992021276595745,
      "brier_score": 0.0009750826846762099,
      "ece": 0.0009577319712545079,
      "confusion_matrix": [
        [
          3755,
          5
        ],
        [
          3,
          3757
        ]
      ]
    },
    "LightGBM": {
      "f1_score": 0.9993351947879271,
      "f1_macro": 0.9993351063712211,
      "auroc": 0.9999991158329561,
      "auprc": 0.9999990806917591,
      "accuracy": 0.9993351063829787,
      "precision": 0.9992023398032438,
      "recall": 0.999468085106383,
      "brier_score": 0.0004266226056264654,
      "ece": 0.000558974450439058,
      "confusion_matrix": [
        [
          3757,
          3
        ],
        [
          2,
          3758
        ]
      ]
    },
    "XGBoost": {
      "f1_score": 0.998936735778841,
      "f1_macro": 0.9989361699117728,
      "auroc": 0.9997308595518334,
      "auprc": 0.9994641244649194,
      "accuracy": 0.9989361702127659,
      "precision": 0.9984059511158342,
      "recall": 0.999468085106383,
      "brier_score": 0.0008274768029197887,
      "ece": 0.0005701234209489949,
      "confusion_matrix": [
        [
          3754,
          6
        ],
        [
          2,
          3758
        ]
      ]
    }
  },
  "TSTR": {
    "RandomForest": {
      "f1_score": 0.6077998528329654,
      "f1_macro": 0.6929045078408892,
      "auroc": 0.8490669915685831,
      "auprc": 0.8496801358657096,
      "accuracy": 0.7164893617021276,
      "precision": 0.9856801909307876,
      "recall": 0.43936170212765957,
      "brier_score": 0.2410428322956626,
      "ece": 0.2646587498519094,
      "confusion_matrix": [
        [
          3736,
          24
        ],
        [
          2108,
          1652
        ]
      ]
    },
    "LightGBM": {
      "f1_score": 0.6625310173697271,
      "f1_macro": 0.7299673601426204,
      "auroc": 0.8553285211068357,
      "auprc": 0.8586727329378159,
      "accuracy": 0.7468085106382979,
      "precision": 0.9930924548352816,
      "recall": 0.49707446808510636,
      "brier_score": 0.22461574609151594,
      "ece": 0.2491715719389611,
      "confusion_matrix": [
        [
          3747,
          13
        ],
        [
          1891,
          1869
        ]
      ]
    },
    "XGBoost": {
      "f1_score": 0.6268602540834846,
      "f1_macro": 0.705560242466716,
      "auroc": 0.8475436424852876,
      "auprc": 0.858320614595345,
      "accuracy": 0.7265957446808511,
      "precision": 0.9868571428571429,
      "recall": 0.45930851063829786,
      "brier_score": 0.24148462687668795,
      "ece": 0.2548492297152289,
      "confusion_matrix": [
        [
          3737,
          23
        ],
        [
          2033,
          1727
        ]
      ]
    }
  },
  "TRTS": {
    "RandomForest": {
      "f1_score": 0.890774378585086,
      "f1_macro": 0.8768919854556125,
      "auroc": 0.9589599366229064,
      "auprc": 0.9353390297723218,
      "accuracy": 0.8784574468085107,
      "precision": 0.8088107638888888,
      "recall": 0.9912234042553192,
      "brier_score": 0.10308686973934662,
      "ece": 0.08419982348018776,
      "confusion_matrix": [
        [
          2879,
          881
        ],
        [
          33,
          3727
        ]
      ]
    },
    "LightGBM": {
      "f1_score": 0.8987463837994213,
      "f1_macro": 0.8870956118285362,
      "auroc": 0.9332244511090991,
      "auprc": 0.8840174129685218,
      "accuracy": 0.8882978723404256,
      "precision": 0.8218694885361552,
      "recall": 0.9914893617021276,
      "brier_score": 0.09964138413483839,
      "ece": 0.041757284106547624,
      "confusion_matrix": [
        [
          2952,
          808
        ],
        [
          32,
          3728
        ]
      ]
    },
    "XGBoost": {
      "f1_score": 0.8904044029672171,
      "f1_macro": 0.8766598488945634,
      "auroc": 0.9182085714689905,
      "auprc": 0.8610959550561836,
      "accuracy": 0.8781914893617021,
      "precision": 0.8092648977816442,
      "recall": 0.9896276595744681,
      "brier_score": 0.11021197856448228,
      "ece": 0.03756062024913882,
      "confusion_matrix": [
        [
          2883,
          877
        ],
        [
          39,
          3721
        ]
      ]
    }
  },
  "config": {
    "random_state": 42,
    "test_size": 0.2,
    "n_trials": 30,
    "balanced": true,
    "n_real": 37596,
    "n_synthetic": 37596,
    "n_features": 27
  }
}