{
  "centroid_distance_euclidean": 3.0301614038215594,
  "centroid_distance_2d": 2.902931034420663,
  "mahalanobis_distance": 2.305627518292112,
  "explained_variance_ratio": [
    0.2025392348423084,
    0.13290867765744385,
    0.08915805914671741,
    0.06182582718867712,
    0.058323695969976684,
    0.048323855778855423,
    0.04028427455918373,
    0.038011816467969424,
    0.03640521680661367,
    0.034643441627422285
  ],
  "cumulative_variance": [
    0.2025392348423084,
    0.33544791249975225,
    0.4246059716464697,
    0.4864317988351468,
    0.5447554948051235,
    0.593079350583979,
    0.6333636251431627,
    0.6713754416111322,
    0.7077806584177458,
    0.7424241000451681
  ],
  "centroid_synthetic": [
    -1.1501425700855714,
    0.8853949492331736,
    0.3117326589893863,
    -0.03432891735860694,
    0.18493105167110613,
    0.1884140466928232,
    -0.0637517613911741,
    0.10901875668700287,
    0.03556156073467758,
    0.058722334327821986
  ],
  "centroid_real": [
    1.150142570085569,
    -0.8853949492331742,
    -0.3117326589893862,
    0.034328917358606506,
    -0.18493105167110635,
    -0.18841404669282186,
    0.06375176139117489,
    -0.10901875668700305,
    -0.035561560734677526,
    -0.058722334327821944
  ]
}