{
  "centroid_distance_euclidean": 2.922128825016879,
  "centroid_distance_2d": 1.8370868468814172,
  "mahalanobis_distance": 2.580984362154489,
  "explained_variance_ratio": [
    0.28251698816750254,
    0.11781335252774115,
    0.11675819615192419,
    0.06367393580898324,
    0.05401917907782842,
    0.0459371074484479,
    0.03690678976312698,
    0.033622616044877984,
    0.0312190784154633,
    0.028087945100689092
  ],
  "cumulative_variance": [
    0.28251698816750254,
    0.4003303406952437,
    0.5170885368471679,
    0.5807624726561512,
    0.6347816517339796,
    0.6807187591824275,
    0.7176255489455545,
    0.7512481649904326,
    0.7824672434058959,
    0.810555188506585
  ],
  "centroid_synthetic": [
    -0.9183226001149456,
    0.02014008103993345,
    -1.0570140511624873,
    0.024188905039037017,
    -0.3199560149252629,
    0.21168911570004856,
    0.06997288126292357,
    0.06845771483846842,
    0.11380568581702896,
    -0.05835117068560846
  ],
  "centroid_real": [
    0.9183226001149538,
    -0.020140081039933172,
    1.0570140511624906,
    -0.024188905039036847,
    0.3199560149252638,
    -0.2116891157000489,
    -0.06997288126292327,
    -0.06845771483846856,
    -0.11380568581702961,
    0.0583511706856091
  ]
}