{
  "centroid_distance_euclidean": 1.9005792878153633,
  "centroid_distance_2d": 1.5880296620184653,
  "mahalanobis_distance": 1.4012843256813925,
  "explained_variance_ratio": [
    0.18397894947419483,
    0.09872420102485659,
    0.095139455472032,
    0.06984057693778715,
    0.060108494992133034,
    0.038299219965798874,
    0.03682546473875239,
    0.03645533077912491,
    0.03543912249710866,
    0.034836675425228884
  ],
  "cumulative_variance": [
    0.18397894947419483,
    0.2827031504990514,
    0.37784260597108343,
    0.4476831829088706,
    0.5077916779010037,
    0.5460908978668025,
    0.5829163626055549,
    0.6193716933846798,
    0.6548108158817885,
    0.6896474913070173
  ],
  "centroid_synthetic": [
    0.7190156972289954,
    0.33686195837600375,
    0.15124053753569328,
    -0.031744113298373136,
    0.44437117716740204,
    0.16362135990071788,
    0.06896644670522899,
    -0.013262630979409462,
    0.07729262760683381,
    -0.11647040647937369
  ],
  "centroid_real": [
    -0.7190156972290025,
    -0.33686195837600463,
    -0.1512405375356934,
    0.031744113298372685,
    -0.44437117716740177,
    -0.163621359900716,
    -0.06896644670522908,
    0.013262630979409544,
    -0.07729262760683325,
    0.1164704064793738
  ]
}