Method,Overall Score
SMOTE_kmeans,84.81552631578948
Copula,82.76184210526316
SMOTE_normal,79.48881578947369
SMOTE_adasyn,79.39302631578947
GAN_DoppelGanger_enhanced,68.34763157894737
Hybrid_SMOTE_GAN,62.79499999999999
SMOTE_borderline,56.55697368421052
GAN_DoppelGanger_default,55.806842105263165
GAN_TimeGAN_default,51.85460526315789
GAN_TimeGAN_enhanced,50.95565789473684
GAN_LSTM_enhanced,49.39684210526316
GAN_LSTM_default,38.79184210526316
SCAPY,29.565394736842098
