Method,Overall Score
SMOTE_kmeans,62.45881578947369
Copula,61.09197368421052
SMOTE_normal,57.47328947368421
GAN_DoppelGanger_enhanced,57.422105263157896
SMOTE_adasyn,57.208815789473675
SMOTE_borderline,55.93921052631578
Hybrid_SMOTE_GAN,49.43947368421053
GAN_TimeGAN_enhanced,46.20973684210527
GAN_DoppelGanger_default,45.826315789473675
GAN_LSTM_enhanced,44.2817105263158
GAN_TimeGAN_default,43.939342105263165
GAN_LSTM_default,40.58578947368421
SCAPY,29.565394736842098
